{
    "__comment": "Model generated using MrCrayfish's Model Creator (http://mrcrayfish.com/modelcreator/)",
    "textures": {
        "0": "blocks/planks_oak",
        "1": "blocks/hardened_clay_stained_cyan",
        "2": "blocks/mesh_clay_cyan",
        "3": "blocks/gold_block",
        "4": "blocks/hardened_clay_stained_orange",
        "5": "blocks/wool_colored_blue",
        "6": "blocks/iron_block"
    },
    "elements": [
        {
            "name": "frame_1",
            "from": [ 0.0, 0.0, 0.0 ], 
            "to": [ 16.0, 1.0, 1.0 ], 
            "faces": {
                "north": { "texture": "#0", "uv": [ 0.0, 0.0, 16.0, 1.0 ] },
                "east": { "texture": "#0", "uv": [ 0.0, 0.0, 1.0, 1.0 ] },
                "south": { "texture": "#0", "uv": [ 0.0, 0.0, 16.0, 1.0 ] },
                "west": { "texture": "#0", "uv": [ 0.0, 0.0, 1.0, 1.0 ] },
                "up": { "texture": "#0", "uv": [ 0.0, 0.0, 16.0, 1.0 ] },
                "down": { "texture": "#0", "uv": [ 0.0, 0.0, 16.0, 1.0 ] }
            }
        },
        {
            "name": "frame_2",
            "from": [ 0.0, 0.0, 15.0 ], 
            "to": [ 16.0, 1.0, 16.0 ], 
            "faces": {
                "north": { "texture": "#0", "uv": [ 0.0, 0.0, 16.0, 1.0 ] },
                "east": { "texture": "#0", "uv": [ 0.0, 0.0, 1.0, 1.0 ] },
                "south": { "texture": "#0", "uv": [ 0.0, 0.0, 16.0, 1.0 ] },
                "west": { "texture": "#0", "uv": [ 0.0, 0.0, 1.0, 1.0 ] },
                "up": { "texture": "#0", "uv": [ 0.0, 0.0, 16.0, 1.0 ] },
                "down": { "texture": "#0", "uv": [ 0.0, 0.0, 16.0, 1.0 ] }
            }
        },
        {
            "name": "frame_3",
            "from": [ 0.0, 0.0, 1.0 ], 
            "to": [ 1.0, 1.0, 15.0 ], 
            "faces": {
                "north": { "texture": "#0", "uv": [ 0.0, 0.0, 1.0, 1.0 ] },
                "east": { "texture": "#0", "uv": [ 0.0, 0.0, 14.0, 1.0 ] },
                "south": { "texture": "#0", "uv": [ 0.0, 0.0, 1.0, 1.0 ] },
                "west": { "texture": "#0", "uv": [ 0.0, 0.0, 14.0, 1.0 ] },
                "up": { "texture": "#0", "uv": [ 0.0, 0.0, 1.0, 14.0 ] },
                "down": { "texture": "#0", "uv": [ 0.0, 0.0, 1.0, 14.0 ] }
            }
        },
        {
            "name": "frame_4",
            "from": [ 15.0, 0.0, 1.0 ], 
            "to": [ 16.0, 1.0, 15.0 ], 
            "faces": {
                "north": { "texture": "#0", "uv": [ 0.0, 0.0, 1.0, 1.0 ] },
                "east": { "texture": "#0", "uv": [ 0.0, 0.0, 14.0, 1.0 ] },
                "south": { "texture": "#0", "uv": [ 0.0, 0.0, 1.0, 1.0 ] },
                "west": { "texture": "#0", "uv": [ 0.0, 0.0, 14.0, 1.0 ] },
                "up": { "texture": "#0", "uv": [ 0.0, 0.0, 1.0, 14.0 ] },
                "down": { "texture": "#0", "uv": [ 0.0, 0.0, 1.0, 14.0 ] }
            }
        },
        {
            "name": "bottom",
            "from": [ 1.0, 0.0, 1.0 ], 
            "to": [ 15.0, 1.0, 15.0 ], 
            "faces": {
                "north": { "texture": "#1", "uv": [ 0.0, 0.0, 14.0, 1.0 ] },
                "east": { "texture": "#1", "uv": [ 0.0, 0.0, 15.0, 1.0 ] },
                "south": { "texture": "#1", "uv": [ 0.0, 0.0, 14.0, 1.0 ] },
                "west": { "texture": "#1", "uv": [ 0.0, 0.0, 15.0, 1.0 ] },
                "up": { "texture": "#1", "uv": [ 0.0, 0.0, 14.0, 15.0 ] },
                "down": { "texture": "#1", "uv": [ 0.0, 0.0, 14.0, 15.0 ] }
            }
        },
        {
            "name": "frame_5",
            "from": [ 0.0, 1.0, 0.0 ], 
            "to": [ 1.0, 9.0, 1.0 ], 
            "faces": {
                "north": { "texture": "#0", "uv": [ 0.0, 0.0, 1.0, 8.0 ] },
                "east": { "texture": "#0", "uv": [ 0.0, 0.0, 1.0, 8.0 ] },
                "south": { "texture": "#0", "uv": [ 0.0, 0.0, 1.0, 8.0 ] },
                "west": { "texture": "#0", "uv": [ 0.0, 0.0, 1.0, 8.0 ] },
                "up": { "texture": "#0", "uv": [ 0.0, 0.0, 1.0, 1.0 ] },
                "down": { "texture": "#0", "uv": [ 0.0, 0.0, 1.0, 1.0 ] }
            }
        },
        {
            "name": "frame_6",
            "from": [ 15.0, 1.0, 0.0 ], 
            "to": [ 16.0, 9.0, 1.0 ], 
            "faces": {
                "north": { "texture": "#0", "uv": [ 0.0, 0.0, 1.0, 8.0 ] },
                "east": { "texture": "#0", "uv": [ 0.0, 0.0, 1.0, 8.0 ] },
                "south": { "texture": "#0", "uv": [ 0.0, 0.0, 1.0, 8.0 ] },
                "west": { "texture": "#0", "uv": [ 0.0, 0.0, 1.0, 8.0 ] },
                "up": { "texture": "#0", "uv": [ 0.0, 0.0, 1.0, 1.0 ] },
                "down": { "texture": "#0", "uv": [ 0.0, 0.0, 1.0, 1.0 ] }
            }
        },
        {
            "name": "frame_7",
            "from": [ 15.0, 1.0, 15.0 ], 
            "to": [ 16.0, 9.0, 16.0 ], 
            "faces": {
                "north": { "texture": "#0", "uv": [ 0.0, 0.0, 1.0, 8.0 ] },
                "east": { "texture": "#0", "uv": [ 0.0, 0.0, 1.0, 8.0 ] },
                "south": { "texture": "#0", "uv": [ 0.0, 0.0, 1.0, 8.0 ] },
                "west": { "texture": "#0", "uv": [ 0.0, 0.0, 1.0, 8.0 ] },
                "up": { "texture": "#0", "uv": [ 0.0, 0.0, 1.0, 1.0 ] },
                "down": { "texture": "#0", "uv": [ 0.0, 0.0, 1.0, 1.0 ] }
            }
        },
        {
            "name": "frame_8",
            "from": [ 0.0, 1.0, 15.0 ], 
            "to": [ 1.0, 9.0, 16.0 ], 
            "faces": {
                "north": { "texture": "#0", "uv": [ 0.0, 0.0, 1.0, 8.0 ] },
                "east": { "texture": "#0", "uv": [ 0.0, 0.0, 1.0, 8.0 ] },
                "south": { "texture": "#0", "uv": [ 0.0, 0.0, 1.0, 8.0 ] },
                "west": { "texture": "#0", "uv": [ 0.0, 0.0, 1.0, 8.0 ] },
                "up": { "texture": "#0", "uv": [ 0.0, 0.0, 1.0, 1.0 ] },
                "down": { "texture": "#0", "uv": [ 0.0, 0.0, 1.0, 1.0 ] }
            }
        },
        {
            "name": "frame_9",
            "from": [ 0.0, 9.0, 0.0 ], 
            "to": [ 16.0, 10.0, 1.0 ], 
            "faces": {
                "north": { "texture": "#0", "uv": [ 0.0, 0.0, 16.0, 1.0 ] },
                "east": { "texture": "#0", "uv": [ 0.0, 0.0, 1.0, 1.0 ] },
                "south": { "texture": "#0", "uv": [ 0.0, 0.0, 16.0, 1.0 ] },
                "west": { "texture": "#0", "uv": [ 0.0, 0.0, 1.0, 1.0 ] },
                "up": { "texture": "#0", "uv": [ 0.0, 0.0, 16.0, 1.0 ] },
                "down": { "texture": "#0", "uv": [ 0.0, 0.0, 16.0, 1.0 ] }
            }
        },
        {
            "name": "frame_10",
            "from": [ 0.0, 9.0, 15.0 ], 
            "to": [ 16.0, 10.0, 16.0 ], 
            "faces": {
                "north": { "texture": "#0", "uv": [ 0.0, 0.0, 16.0, 1.0 ] },
                "east": { "texture": "#0", "uv": [ 0.0, 0.0, 1.0, 1.0 ] },
                "south": { "texture": "#0", "uv": [ 0.0, 0.0, 16.0, 1.0 ] },
                "west": { "texture": "#0", "uv": [ 0.0, 0.0, 1.0, 1.0 ] },
                "up": { "texture": "#0", "uv": [ 0.0, 0.0, 16.0, 1.0 ] },
                "down": { "texture": "#0", "uv": [ 0.0, 0.0, 16.0, 1.0 ] }
            }
        },
        {
            "name": "frame_11",
            "from": [ 0.0, 9.0, 1.0 ], 
            "to": [ 1.0, 10.0, 15.0 ], 
            "faces": {
                "north": { "texture": "#0", "uv": [ 0.0, 0.0, 1.0, 1.0 ] },
                "east": { "texture": "#0", "uv": [ 0.0, 0.0, 14.0, 1.0 ] },
                "south": { "texture": "#0", "uv": [ 0.0, 0.0, 1.0, 1.0 ] },
                "west": { "texture": "#0", "uv": [ 0.0, 0.0, 14.0, 1.0 ] },
                "up": { "texture": "#0", "uv": [ 0.0, 0.0, 1.0, 14.0 ] },
                "down": { "texture": "#0", "uv": [ 0.0, 0.0, 1.0, 14.0 ] }
            }
        },
        {
            "name": "frame_12",
            "from": [ 15.0, 9.0, 1.0 ], 
            "to": [ 16.0, 10.0, 15.0 ], 
            "faces": {
                "north": { "texture": "#0", "uv": [ 0.0, 0.0, 1.0, 1.0 ] },
                "east": { "texture": "#0", "uv": [ 0.0, 0.0, 14.0, 1.0 ] },
                "south": { "texture": "#0", "uv": [ 0.0, 0.0, 1.0, 1.0 ] },
                "west": { "texture": "#0", "uv": [ 0.0, 0.0, 14.0, 1.0 ] },
                "up": { "texture": "#0", "uv": [ 0.0, 0.0, 1.0, 14.0 ] },
                "down": { "texture": "#0", "uv": [ 0.0, 0.0, 1.0, 14.0 ] }
            }
        },
        {
            "name": "side_1",
            "from": [ 0.0, 1.0, 1.0 ], 
            "to": [ 1.0, 9.0, 15.0 ], 
            "faces": {
                "north": { "texture": "#1", "uv": [ 0.0, 0.0, 1.0, 8.0 ] },
                "east": { "texture": "#1", "uv": [ 0.0, 0.0, 14.0, 8.0 ] },
                "south": { "texture": "#1", "uv": [ 0.0, 0.0, 1.0, 8.0 ] },
                "west": { "texture": "#1", "uv": [ 0.0, 0.0, 14.0, 8.0 ] },
                "up": { "texture": "#1", "uv": [ 0.0, 0.0, 1.0, 14.0 ] },
                "down": { "texture": "#1", "uv": [ 0.0, 0.0, 1.0, 14.0 ] }
            }
        },
        {
            "name": "side_2",
            "from": [ 1.0, 1.0, 0.0 ], 
            "to": [ 15.0, 9.0, 1.0 ], 
            "faces": {
                "north": { "texture": "#1", "uv": [ 0.0, 0.0, 14.0, 8.0 ] },
                "east": { "texture": "#1", "uv": [ 0.0, 0.0, 1.0, 8.0 ] },
                "south": { "texture": "#1", "uv": [ 0.0, 0.0, 14.0, 8.0 ] },
                "west": { "texture": "#1", "uv": [ 0.0, 0.0, 1.0, 8.0 ] },
                "up": { "texture": "#1", "uv": [ 0.0, 0.0, 14.0, 1.0 ] },
                "down": { "texture": "#1", "uv": [ 0.0, 0.0, 14.0, 1.0 ] }
            }
        },
        {
            "name": "side_3",
            "from": [ 15.0, 1.0, 1.0 ], 
            "to": [ 16.0, 9.0, 15.0 ], 
            "faces": {
                "north": { "texture": "#1", "uv": [ 0.0, 0.0, 1.0, 8.0 ] },
                "east": { "texture": "#1", "uv": [ 0.0, 0.0, 14.0, 8.0 ] },
                "south": { "texture": "#1", "uv": [ 0.0, 0.0, 1.0, 8.0 ] },
                "west": { "texture": "#1", "uv": [ 0.0, 0.0, 14.0, 8.0 ] },
                "up": { "texture": "#1", "uv": [ 0.0, 0.0, 1.0, 14.0 ] },
                "down": { "texture": "#1", "uv": [ 0.0, 0.0, 1.0, 14.0 ] }
            }
        },
        {
            "name": "top",
            "from": [ 1.0, 9.0, 1.0 ], 
            "to": [ 15.0, 10.0, 15.0 ], 
            "faces": {
                "north": { "texture": "#1", "uv": [ 0.0, 0.0, 14.0, 1.0 ] },
                "east": { "texture": "#1", "uv": [ 0.0, 0.0, 14.0, 1.0 ] },
                "south": { "texture": "#1", "uv": [ 0.0, 0.0, 14.0, 1.0 ] },
                "west": { "texture": "#1", "uv": [ 0.0, 0.0, 14.0, 1.0 ] },
                "up": { "texture": "#1", "uv": [ 0.0, 0.0, 14.0, 14.0 ] },
                "down": { "texture": "#1", "uv": [ 0.0, 0.0, 14.0, 14.0 ] }
            }
        },
        {
            "name": "front",
            "from": [ 1.0, 1.0, 15.0 ], 
            "to": [ 15.0, 9.0, 16.0 ], 
            "faces": {
                "north": { "texture": "#2", "uv": [ 0.0, 1.0, 14.0, 9.0 ] },
                "east": { "texture": "#2", "uv": [ 0.0, 0.0, 1.0, 8.0 ] },
                "south": { "texture": "#2", "uv": [ 0.0, 1.0, 14.0, 9.0 ] },
                "west": { "texture": "#2", "uv": [ 0.0, 0.0, 1.0, 8.0 ] },
                "up": { "texture": "#2", "uv": [ 0.0, 0.0, 14.0, 1.0 ] },
                "down": { "texture": "#2", "uv": [ 0.0, 0.0, 14.0, 1.0 ] }
            }
        },
        {
            "name": "io_1",
            "from": [ 12.0, 2.0, -1.0 ], 
            "to": [ 14.0, 3.0, 0.0 ], 
            "faces": {
                "north": { "texture": "#3", "uv": [ 9.0, 13.0, 11.0, 14.0 ] },
                "east": { "texture": "#4", "uv": [ 0.0, 0.0, 1.0, 1.0 ] },
                "south": { "texture": "#4", "uv": [ 0.0, 0.0, 2.0, 1.0 ] },
                "west": { "texture": "#4", "uv": [ 0.0, 0.0, 1.0, 1.0 ] },
                "up": { "texture": "#4", "uv": [ 0.0, 0.0, 2.0, 1.0 ] },
                "down": { "texture": "#4", "uv": [ 0.0, 0.0, 2.0, 1.0 ] }
            }
        },
        {
            "name": "io_2",
            "from": [ 9.0, 2.0, -1.0 ], 
            "to": [ 10.0, 3.0, 0.0 ], 
            "faces": {
                "north": { "texture": "#3", "uv": [ 7.0, 7.0, 8.0, 8.0 ] },
                "east": { "texture": "#5", "uv": [ 0.0, 0.0, 1.0, 1.0 ] },
                "south": { "texture": "#5", "uv": [ 0.0, 0.0, 1.0, 1.0 ] },
                "west": { "texture": "#5", "uv": [ 0.0, 0.0, 1.0, 1.0 ] },
                "up": { "texture": "#5", "uv": [ 0.0, 0.0, 1.0, 1.0 ] },
                "down": { "texture": "#5", "uv": [ 0.0, 0.0, 1.0, 1.0 ] }
            }
        },
        {
            "name": "io_3",
            "from": [ 7.0, 2.0, -1.0 ], 
            "to": [ 8.0, 3.0, 0.0 ], 
            "faces": {
                "north": { "texture": "#3", "uv": [ 11.0, 12.0, 12.0, 13.0 ] },
                "east": { "texture": "#5", "uv": [ 0.0, 0.0, 1.0, 1.0 ] },
                "south": { "texture": "#5", "uv": [ 0.0, 0.0, 1.0, 1.0 ] },
                "west": { "texture": "#5", "uv": [ 0.0, 0.0, 1.0, 1.0 ] },
                "up": { "texture": "#5", "uv": [ 0.0, 0.0, 1.0, 1.0 ] },
                "down": { "texture": "#5", "uv": [ 0.0, 0.0, 1.0, 1.0 ] }
            }
        },
        {
            "name": "power",
            "from": [ 1.0, 1.0, 1.0 ], 
            "to": [ 6.0, 4.0, 6.0 ], 
            "faces": {
                "north": { "texture": "#6", "uv": [ 1.0, 1.0, 6.0, 4.0 ] },
                "east": { "texture": "#6", "uv": [ 1.0, 1.0, 6.0, 4.0 ] },
                "south": { "texture": "#6", "uv": [ 1.0, 1.0, 6.0, 4.0 ] },
                "west": { "texture": "#6", "uv": [ 1.0, 1.0, 6.0, 4.0 ] },
                "up": { "texture": "#6", "uv": [ 1.0, 1.0, 6.0, 6.0 ] },
                "down": { "texture": "#6", "uv": [ 1.0, 1.0, 6.0, 6.0 ] }
            }
        },
        {
            "name": "io_4",
            "from": [ 2.0, 2.0, -1.0 ], 
            "to": [ 3.0, 3.0, 0.0 ], 
            "faces": {
                "north": { "texture": "#3", "uv": [ 12.0, 12.0, 13.0, 13.0 ] },
                "east": { "texture": "#4", "uv": [ 3.0, 3.0, 4.0, 4.0 ] },
                "south": { "texture": "#4", "uv": [ 8.0, 8.0, 9.0, 9.0 ] },
                "west": { "texture": "#4", "uv": [ 3.0, 5.0, 4.0, 6.0 ] },
                "up": { "texture": "#4", "uv": [ 7.0, 5.0, 8.0, 6.0 ] },
                "down": { "texture": "#4", "uv": [ 1.0, 9.0, 2.0, 10.0 ] }
            }
        }
    ]
}