{
    "__comment": "Model generated using MrCrayfish's Model Creator (http://mrcrayfish.com/modelcreator/)",
    "textures": {
        "0": "blocks/iron_block",
        "1": "blocks/hardened_clay_stained_black"
    },
    "elements": [
        {
            "name": "base",
            "from": [ 0.0, 0.0, 2.0 ], 
            "to": [ 16.0, 0.4999999925494194, 16.0 ], 
            "faces": {
                "north": { "texture": "#0", "uv": [ 0.0, 0.0, 16.0, 0.4999999925494194 ] },
                "east": { "texture": "#0", "uv": [ 0.0, 0.0, 14.0, 0.4999999925494194 ] },
                "south": { "texture": "#0", "uv": [ 0.0, 0.0, 16.0, 0.4999999925494194 ] },
                "west": { "texture": "#0", "uv": [ 0.0, 0.0, 14.0, 0.4999999925494194 ] },
                "up": { "texture": "#0", "uv": [ 0.0, 0.0, 16.0, 16.0 ] },
                "down": { "texture": "#0", "uv": [ 0.0, 0.0, 16.0, 16.0 ] }
            }
        },
        {
            "name": "screen_frame_1",
            "from": [ 0.0, 3.0, -1.0 ], 
            "to": [ 1.0, 15.0, -0.5000000074505806 ], 
            "rotation": { "origin": [ 8.0, 8.0, 8.0 ], "axis": "x", "angle": -22.5 },
            "faces": {
                "north": { "texture": "#0", "uv": [ 0.0, 0.0, 1.0, 12.0 ] },
                "east": { "texture": "#0", "uv": [ 0.0, 0.0, 0.4999999925494194, 12.0 ] },
                "south": { "texture": "#0", "uv": [ 0.0, 0.0, 1.0, 12.0 ] },
                "west": { "texture": "#0", "uv": [ 0.0, 0.0, 0.4999999925494194, 12.0 ] },
                "up": { "texture": "#0", "uv": [ 0.0, 0.0, 1.0, 0.4999999925494194 ] },
                "down": { "texture": "#0", "uv": [ 0.0, 0.0, 1.0, 0.4999999925494194 ] }
            }
        },
        {
            "name": "screen_frame_2",
            "from": [ 15.0, 3.0, -1.0 ], 
            "to": [ 16.0, 15.0, -0.5000000074505806 ], 
            "rotation": { "origin": [ 8.0, 8.0, 8.0 ], "axis": "x", "angle": -22.5 },
            "faces": {
                "north": { "texture": "#0", "uv": [ 0.0, 0.0, 1.0, 12.0 ] },
                "east": { "texture": "#0", "uv": [ 0.0, 0.0, 0.4999999925494194, 12.0 ] },
                "south": { "texture": "#0", "uv": [ 0.0, 0.0, 1.0, 12.0 ] },
                "west": { "texture": "#0", "uv": [ 0.0, 0.0, 0.4999999925494194, 12.0 ] },
                "up": { "texture": "#0", "uv": [ 0.0, 0.0, 1.0, 0.4999999925494194 ] },
                "down": { "texture": "#0", "uv": [ 0.0, 0.0, 1.0, 0.4999999925494194 ] }
            }
        },
        {
            "name": "screen_frame_3",
            "from": [ 1.0, 14.0, -1.0 ], 
            "to": [ 15.0, 15.0, -0.5000000074505806 ], 
            "rotation": { "origin": [ 8.0, 8.0, 8.0 ], "axis": "x", "angle": -22.5 },
            "faces": {
                "north": { "texture": "#0", "uv": [ 0.0, 0.0, 14.0, 1.0 ] },
                "east": { "texture": "#0", "uv": [ 0.0, 0.0, 0.4999999925494194, 1.0 ] },
                "south": { "texture": "#0", "uv": [ 0.0, 0.0, 14.0, 1.0 ] },
                "west": { "texture": "#0", "uv": [ 0.0, 0.0, 0.4999999925494194, 1.0 ] },
                "up": { "texture": "#0", "uv": [ 0.0, 0.0, 14.0, 0.4999999925494194 ] },
                "down": { "texture": "#0", "uv": [ 0.0, 0.0, 14.0, 0.4999999925494194 ] }
            }
        },
        {
            "name": "screen",
            "from": [ 1.0, 3.0, -0.7999999970197678 ], 
            "to": [ 15.0, 14.0, -0.6000000089406967 ], 
            "rotation": { "origin": [ 8.0, 8.0, 8.0 ], "axis": "x", "angle": -22.5 },
            "faces": {
                "north": { "texture": "#1", "uv": [ 0.0, 0.0, 14.0, 11.0 ] },
                "east": { "texture": "#1", "uv": [ 0.0, 0.0, 0.4999999925494194, 11.0 ] },
                "south": { "texture": "#1", "uv": [ 0.0, 0.0, 14.0, 11.0 ] },
                "west": { "texture": "#1", "uv": [ 0.0, 0.0, 0.4999999925494194, 11.0 ] },
                "up": { "texture": "#1", "uv": [ 0.0, 0.0, 14.0, 0.4999999925494194 ] },
                "down": { "texture": "#1", "uv": [ 0.0, 0.0, 14.0, 0.4999999925494194 ] }
            }
        },
        {
            "name": "key_1",
            "from": [ 13.0, 0.5000000074505806, 4.0 ], 
            "to": [ 14.0, 0.7999999970197678, 5.0 ], 
            "faces": {
                "north": { "texture": "#1", "uv": [ 0.0, 0.0, 1.0, 0.29999998956918716 ] },
                "east": { "texture": "#1", "uv": [ 0.0, 0.0, 1.0, 0.29999998956918716 ] },
                "south": { "texture": "#1", "uv": [ 0.0, 0.0, 1.0, 0.29999998956918716 ] },
                "west": { "texture": "#1", "uv": [ 0.0, 0.0, 1.0, 0.29999998956918716 ] },
                "up": { "texture": "#1", "uv": [ 0.0, 0.0, 1.0, 1.0 ] },
                "down": { "texture": "#1", "uv": [ 0.0, 0.0, 1.0, 1.0 ] }
            }
        },
        {
            "name": "key_2",
            "from": [ 10.0, 0.5000000074505806, 4.0 ], 
            "to": [ 11.0, 0.7999999970197678, 5.0 ], 
            "faces": {
                "north": { "texture": "#1", "uv": [ 0.0, 0.0, 1.0, 0.29999998956918716 ] },
                "east": { "texture": "#1", "uv": [ 0.0, 0.0, 1.0, 0.29999998956918716 ] },
                "south": { "texture": "#1", "uv": [ 0.0, 0.0, 1.0, 0.29999998956918716 ] },
                "west": { "texture": "#1", "uv": [ 0.0, 0.0, 1.0, 0.29999998956918716 ] },
                "up": { "texture": "#1", "uv": [ 0.0, 0.0, 1.0, 1.0 ] },
                "down": { "texture": "#1", "uv": [ 0.0, 0.0, 1.0, 1.0 ] }
            }
        },
        {
            "name": "key_3",
            "from": [ 8.0, 0.5000000074505806, 4.0 ], 
            "to": [ 9.0, 0.7999999970197678, 5.0 ], 
            "faces": {
                "north": { "texture": "#1", "uv": [ 0.0, 0.0, 1.0, 0.29999998956918716 ] },
                "east": { "texture": "#1", "uv": [ 0.0, 0.0, 1.0, 0.29999998956918716 ] },
                "south": { "texture": "#1", "uv": [ 0.0, 0.0, 1.0, 0.29999998956918716 ] },
                "west": { "texture": "#1", "uv": [ 0.0, 0.0, 1.0, 0.29999998956918716 ] },
                "up": { "texture": "#1", "uv": [ 0.0, 0.0, 1.0, 1.0 ] },
                "down": { "texture": "#1", "uv": [ 0.0, 0.0, 1.0, 1.0 ] }
            }
        },
        {
            "name": "key_4",
            "from": [ 6.0, 0.5000000074505806, 4.0 ], 
            "to": [ 7.0, 0.7999999970197678, 5.0 ], 
            "faces": {
                "north": { "texture": "#1", "uv": [ 0.0, 0.0, 1.0, 0.29999998956918716 ] },
                "east": { "texture": "#1", "uv": [ 0.0, 0.0, 1.0, 0.29999998956918716 ] },
                "south": { "texture": "#1", "uv": [ 0.0, 0.0, 1.0, 0.29999998956918716 ] },
                "west": { "texture": "#1", "uv": [ 0.0, 0.0, 1.0, 0.29999998956918716 ] },
                "up": { "texture": "#1", "uv": [ 0.0, 0.0, 1.0, 1.0 ] },
                "down": { "texture": "#1", "uv": [ 0.0, 0.0, 1.0, 1.0 ] }
            }
        },
        {
            "name": "key_5",
            "from": [ 4.0, 0.5000000074505806, 4.0 ], 
            "to": [ 5.0, 0.7999999970197678, 5.0 ], 
            "faces": {
                "north": { "texture": "#1", "uv": [ 0.0, 0.0, 1.0, 0.29999998956918716 ] },
                "east": { "texture": "#1", "uv": [ 0.0, 0.0, 1.0, 0.29999998956918716 ] },
                "south": { "texture": "#1", "uv": [ 0.0, 0.0, 1.0, 0.29999998956918716 ] },
                "west": { "texture": "#1", "uv": [ 0.0, 0.0, 1.0, 0.29999998956918716 ] },
                "up": { "texture": "#1", "uv": [ 0.0, 0.0, 1.0, 1.0 ] },
                "down": { "texture": "#1", "uv": [ 0.0, 0.0, 1.0, 1.0 ] }
            }
        },
        {
            "name": "key_6",
            "from": [ 2.0, 0.5000000074505806, 4.0 ], 
            "to": [ 3.0, 0.7999999970197678, 5.0 ], 
            "faces": {
                "north": { "texture": "#1", "uv": [ 0.0, 0.0, 1.0, 0.29999998956918716 ] },
                "east": { "texture": "#1", "uv": [ 0.0, 0.0, 1.0, 0.29999998956918716 ] },
                "south": { "texture": "#1", "uv": [ 0.0, 0.0, 1.0, 0.29999998956918716 ] },
                "west": { "texture": "#1", "uv": [ 0.0, 0.0, 1.0, 0.29999998956918716 ] },
                "up": { "texture": "#1", "uv": [ 0.0, 0.0, 1.0, 1.0 ] },
                "down": { "texture": "#1", "uv": [ 0.0, 0.0, 1.0, 1.0 ] }
            }
        },
        {
            "name": "key_7",
            "from": [ 2.0, 0.5000000074505806, 6.0 ], 
            "to": [ 4.0, 0.7999999970197678, 7.0 ], 
            "faces": {
                "north": { "texture": "#1", "uv": [ 0.0, 0.0, 2.0, 0.29999998956918716 ] },
                "east": { "texture": "#1", "uv": [ 0.0, 0.0, 1.0, 0.29999998956918716 ] },
                "south": { "texture": "#1", "uv": [ 0.0, 0.0, 2.0, 0.29999998956918716 ] },
                "west": { "texture": "#1", "uv": [ 0.0, 0.0, 1.0, 0.29999998956918716 ] },
                "up": { "texture": "#1", "uv": [ 0.0, 0.0, 2.0, 1.0 ] },
                "down": { "texture": "#1", "uv": [ 0.0, 0.0, 2.0, 1.0 ] }
            }
        },
        {
            "name": "key_8",
            "from": [ 2.0, 0.5000000074505806, 7.499999992549419 ], 
            "to": [ 4.300000004470348, 0.7999999970197678, 8.49999999254942 ], 
            "faces": {
                "north": { "texture": "#1", "uv": [ 0.0, 0.0, 2.3000000044703484, 0.29999998956918716 ] },
                "east": { "texture": "#1", "uv": [ 0.0, 0.0, 1.0, 0.29999998956918716 ] },
                "south": { "texture": "#1", "uv": [ 0.0, 0.0, 2.3000000044703484, 0.29999998956918716 ] },
                "west": { "texture": "#1", "uv": [ 0.0, 0.0, 1.0, 0.29999998956918716 ] },
                "up": { "texture": "#1", "uv": [ 0.0, 0.0, 2.3000000044703484, 1.0 ] },
                "down": { "texture": "#1", "uv": [ 0.0, 0.0, 2.3000000044703484, 1.0 ] }
            }
        },
        {
            "name": "key_9",
            "from": [ 2.0, 0.5000000074505806, 9.000000014901161 ], 
            "to": [ 4.500000007450581, 0.7999999970197678, 10.000000014901161 ], 
            "faces": {
                "north": { "texture": "#1", "uv": [ 0.0, 0.0, 2.5000000074505806, 0.29999998956918716 ] },
                "east": { "texture": "#1", "uv": [ 0.0, 0.0, 1.0, 0.29999998956918716 ] },
                "south": { "texture": "#1", "uv": [ 0.0, 0.0, 2.5000000074505806, 0.29999998956918716 ] },
                "west": { "texture": "#1", "uv": [ 0.0, 0.0, 1.0, 0.29999998956918716 ] },
                "up": { "texture": "#1", "uv": [ 0.0, 0.0, 2.5000000074505806, 1.0 ] },
                "down": { "texture": "#1", "uv": [ 0.0, 0.0, 2.5000000074505806, 1.0 ] }
            }
        },
        {
            "name": "key_10",
            "from": [ 5.0, 0.5000000074505806, 6.0 ], 
            "to": [ 6.0, 0.7999999970197678, 7.0 ], 
            "faces": {
                "north": { "texture": "#1", "uv": [ 0.0, 0.0, 1.0, 0.29999998956918716 ] },
                "east": { "texture": "#1", "uv": [ 0.0, 0.0, 1.0, 0.29999998956918716 ] },
                "south": { "texture": "#1", "uv": [ 0.0, 0.0, 1.0, 0.29999998956918716 ] },
                "west": { "texture": "#1", "uv": [ 0.0, 0.0, 1.0, 0.29999998956918716 ] },
                "up": { "texture": "#1", "uv": [ 0.0, 0.0, 1.0, 1.0 ] },
                "down": { "texture": "#1", "uv": [ 0.0, 0.0, 1.0, 1.0 ] }
            }
        },
        {
            "name": "key_11",
            "from": [ 7.0, 0.5000000074505806, 6.0 ], 
            "to": [ 8.0, 0.7999999970197678, 7.0 ], 
            "faces": {
                "north": { "texture": "#1", "uv": [ 0.0, 0.0, 1.0, 0.29999998956918716 ] },
                "east": { "texture": "#1", "uv": [ 0.0, 0.0, 1.0, 0.29999998956918716 ] },
                "south": { "texture": "#1", "uv": [ 0.0, 0.0, 1.0, 0.29999998956918716 ] },
                "west": { "texture": "#1", "uv": [ 0.0, 0.0, 1.0, 0.29999998956918716 ] },
                "up": { "texture": "#1", "uv": [ 0.0, 0.0, 1.0, 1.0 ] },
                "down": { "texture": "#1", "uv": [ 0.0, 0.0, 1.0, 1.0 ] }
            }
        },
        {
            "name": "key_12",
            "from": [ 9.0, 0.5000000074505806, 6.0 ], 
            "to": [ 10.0, 0.7999999970197678, 7.0 ], 
            "faces": {
                "north": { "texture": "#1", "uv": [ 0.0, 0.0, 1.0, 0.29999998956918716 ] },
                "east": { "texture": "#1", "uv": [ 0.0, 0.0, 1.0, 0.29999998956918716 ] },
                "south": { "texture": "#1", "uv": [ 0.0, 0.0, 1.0, 0.29999998956918716 ] },
                "west": { "texture": "#1", "uv": [ 0.0, 0.0, 1.0, 0.29999998956918716 ] },
                "up": { "texture": "#1", "uv": [ 0.0, 0.0, 1.0, 1.0 ] },
                "down": { "texture": "#1", "uv": [ 0.0, 0.0, 1.0, 1.0 ] }
            }
        },
        {
            "name": "key_13",
            "from": [ 11.0, 0.5000000074505806, 6.0 ], 
            "to": [ 12.0, 0.7999999970197678, 7.0 ], 
            "faces": {
                "north": { "texture": "#1", "uv": [ 0.0, 0.0, 1.0, 0.29999998956918716 ] },
                "east": { "texture": "#1", "uv": [ 0.0, 0.0, 1.0, 0.29999998956918716 ] },
                "south": { "texture": "#1", "uv": [ 0.0, 0.0, 1.0, 0.29999998956918716 ] },
                "west": { "texture": "#1", "uv": [ 0.0, 0.0, 1.0, 0.29999998956918716 ] },
                "up": { "texture": "#1", "uv": [ 0.0, 0.0, 1.0, 1.0 ] },
                "down": { "texture": "#1", "uv": [ 0.0, 0.0, 1.0, 1.0 ] }
            }
        },
        {
            "name": "key_14",
            "from": [ 13.0, 0.5000000074505806, 6.0 ], 
            "to": [ 14.0, 0.7999999970197678, 7.0 ], 
            "faces": {
                "north": { "texture": "#1", "uv": [ 0.0, 0.0, 1.0, 0.29999998956918716 ] },
                "east": { "texture": "#1", "uv": [ 0.0, 0.0, 1.0, 0.29999998956918716 ] },
                "south": { "texture": "#1", "uv": [ 0.0, 0.0, 1.0, 0.29999998956918716 ] },
                "west": { "texture": "#1", "uv": [ 0.0, 0.0, 1.0, 0.29999998956918716 ] },
                "up": { "texture": "#1", "uv": [ 0.0, 0.0, 1.0, 1.0 ] },
                "down": { "texture": "#1", "uv": [ 0.0, 0.0, 1.0, 1.0 ] }
            }
        },
        {
            "name": "key_15",
            "from": [ 5.0, 0.5000000074505806, 7.499999992549419 ], 
            "to": [ 6.0, 0.7999999970197678, 8.49999999254942 ], 
            "faces": {
                "north": { "texture": "#1", "uv": [ 0.0, 0.0, 1.0, 0.29999998956918716 ] },
                "east": { "texture": "#1", "uv": [ 0.0, 0.0, 1.0, 0.29999998956918716 ] },
                "south": { "texture": "#1", "uv": [ 0.0, 0.0, 1.0, 0.29999998956918716 ] },
                "west": { "texture": "#1", "uv": [ 0.0, 0.0, 1.0, 0.29999998956918716 ] },
                "up": { "texture": "#1", "uv": [ 0.0, 0.0, 1.0, 1.0 ] },
                "down": { "texture": "#1", "uv": [ 0.0, 0.0, 1.0, 1.0 ] }
            }
        },
        {
            "name": "key_16",
            "from": [ 7.0, 0.5000000074505806, 7.499999992549419 ], 
            "to": [ 8.0, 0.7999999970197678, 8.49999999254942 ], 
            "faces": {
                "north": { "texture": "#1", "uv": [ 0.0, 0.0, 1.0, 0.29999998956918716 ] },
                "east": { "texture": "#1", "uv": [ 0.0, 0.0, 1.0, 0.29999998956918716 ] },
                "south": { "texture": "#1", "uv": [ 0.0, 0.0, 1.0, 0.29999998956918716 ] },
                "west": { "texture": "#1", "uv": [ 0.0, 0.0, 1.0, 0.29999998956918716 ] },
                "up": { "texture": "#1", "uv": [ 0.0, 0.0, 1.0, 1.0 ] },
                "down": { "texture": "#1", "uv": [ 0.0, 0.0, 1.0, 1.0 ] }
            }
        },
        {
            "name": "key_17",
            "from": [ 9.0, 0.5000000074505806, 7.499999992549419 ], 
            "to": [ 10.0, 0.7999999970197678, 8.49999999254942 ], 
            "faces": {
                "north": { "texture": "#1", "uv": [ 0.0, 0.0, 1.0, 0.29999998956918716 ] },
                "east": { "texture": "#1", "uv": [ 0.0, 0.0, 1.0, 0.29999998956918716 ] },
                "south": { "texture": "#1", "uv": [ 0.0, 0.0, 1.0, 0.29999998956918716 ] },
                "west": { "texture": "#1", "uv": [ 0.0, 0.0, 1.0, 0.29999998956918716 ] },
                "up": { "texture": "#1", "uv": [ 0.0, 0.0, 1.0, 1.0 ] },
                "down": { "texture": "#1", "uv": [ 0.0, 0.0, 1.0, 1.0 ] }
            }
        },
        {
            "name": "key_18",
            "from": [ 11.0, 0.5000000074505806, 7.499999992549419 ], 
            "to": [ 12.0, 0.7999999970197678, 8.49999999254942 ], 
            "faces": {
                "north": { "texture": "#1", "uv": [ 0.0, 0.0, 1.0, 0.29999998956918716 ] },
                "east": { "texture": "#1", "uv": [ 0.0, 0.0, 1.0, 0.29999998956918716 ] },
                "south": { "texture": "#1", "uv": [ 0.0, 0.0, 1.0, 0.29999998956918716 ] },
                "west": { "texture": "#1", "uv": [ 0.0, 0.0, 1.0, 0.29999998956918716 ] },
                "up": { "texture": "#1", "uv": [ 0.0, 0.0, 1.0, 1.0 ] },
                "down": { "texture": "#1", "uv": [ 0.0, 0.0, 1.0, 1.0 ] }
            }
        },
        {
            "name": "key_19",
            "from": [ 12.49999999254942, 0.5000000074505806, 7.499999992549419 ], 
            "to": [ 14.0, 0.7999999970197678, 8.49999999254942 ], 
            "faces": {
                "north": { "texture": "#1", "uv": [ 0.0, 0.0, 1.5000000074505806, 0.29999998956918716 ] },
                "east": { "texture": "#1", "uv": [ 0.0, 0.0, 1.0, 0.29999998956918716 ] },
                "south": { "texture": "#1", "uv": [ 0.0, 0.0, 1.5000000074505806, 0.29999998956918716 ] },
                "west": { "texture": "#1", "uv": [ 0.0, 0.0, 1.0, 0.29999998956918716 ] },
                "up": { "texture": "#1", "uv": [ 0.0, 0.0, 1.5000000074505806, 1.0 ] },
                "down": { "texture": "#1", "uv": [ 0.0, 0.0, 1.5000000074505806, 1.0 ] }
            }
        },
        {
            "name": "key_20",
            "from": [ 11.999999985098839, 0.5000000074505806, 9.000000014901161 ], 
            "to": [ 14.0, 0.7999999970197678, 10.000000014901161 ], 
            "faces": {
                "north": { "texture": "#1", "uv": [ 0.0, 0.0, 2.000000014901161, 0.29999998956918716 ] },
                "east": { "texture": "#1", "uv": [ 0.0, 0.0, 1.0, 0.29999998956918716 ] },
                "south": { "texture": "#1", "uv": [ 0.0, 0.0, 2.000000014901161, 0.29999998956918716 ] },
                "west": { "texture": "#1", "uv": [ 0.0, 0.0, 1.0, 0.29999998956918716 ] },
                "up": { "texture": "#1", "uv": [ 0.0, 0.0, 2.000000014901161, 1.0 ] },
                "down": { "texture": "#1", "uv": [ 0.0, 0.0, 2.000000014901161, 1.0 ] }
            }
        },
        {
            "name": "key_21",
            "from": [ 5.500000007450581, 0.5000000074505806, 9.0 ], 
            "to": [ 6.500000007450581, 0.7999999970197678, 10.0 ], 
            "faces": {
                "north": { "texture": "#1", "uv": [ 0.0, 0.0, 1.0, 0.29999998956918716 ] },
                "east": { "texture": "#1", "uv": [ 0.0, 0.0, 1.0, 0.29999998956918716 ] },
                "south": { "texture": "#1", "uv": [ 0.0, 0.0, 1.0, 0.29999998956918716 ] },
                "west": { "texture": "#1", "uv": [ 0.0, 0.0, 1.0, 0.29999998956918716 ] },
                "up": { "texture": "#1", "uv": [ 0.0, 0.0, 1.0, 1.0 ] },
                "down": { "texture": "#1", "uv": [ 0.0, 0.0, 1.0, 1.0 ] }
            }
        },
        {
            "name": "key_22",
            "from": [ 7.000000029802322, 0.5000000074505806, 9.0 ], 
            "to": [ 8.000000029802322, 0.7999999970197678, 10.0 ], 
            "faces": {
                "north": { "texture": "#1", "uv": [ 0.0, 0.0, 1.0, 0.29999998956918716 ] },
                "east": { "texture": "#1", "uv": [ 0.0, 0.0, 1.0, 0.29999998956918716 ] },
                "south": { "texture": "#1", "uv": [ 0.0, 0.0, 1.0, 0.29999998956918716 ] },
                "west": { "texture": "#1", "uv": [ 0.0, 0.0, 1.0, 0.29999998956918716 ] },
                "up": { "texture": "#1", "uv": [ 0.0, 0.0, 1.0, 1.0 ] },
                "down": { "texture": "#1", "uv": [ 0.0, 0.0, 1.0, 1.0 ] }
            }
        },
        {
            "name": "key_23",
            "from": [ 9.000000059604645, 0.5000000074505806, 9.0 ], 
            "to": [ 10.000000059604645, 0.7999999970197678, 10.0 ], 
            "faces": {
                "north": { "texture": "#1", "uv": [ 0.0, 0.0, 1.0, 0.29999998956918716 ] },
                "east": { "texture": "#1", "uv": [ 0.0, 0.0, 1.0, 0.29999998956918716 ] },
                "south": { "texture": "#1", "uv": [ 0.0, 0.0, 1.0, 0.29999998956918716 ] },
                "west": { "texture": "#1", "uv": [ 0.0, 0.0, 1.0, 0.29999998956918716 ] },
                "up": { "texture": "#1", "uv": [ 0.0, 0.0, 1.0, 1.0 ] },
                "down": { "texture": "#1", "uv": [ 0.0, 0.0, 1.0, 1.0 ] }
            }
        },
        {
            "name": "key_24",
            "from": [ 10.500000081956387, 0.5000000074505806, 9.0 ], 
            "to": [ 11.500000081956387, 0.7999999970197678, 10.0 ], 
            "faces": {
                "north": { "texture": "#1", "uv": [ 0.0, 0.0, 1.0, 0.29999998956918716 ] },
                "east": { "texture": "#1", "uv": [ 0.0, 0.0, 1.0, 0.29999998956918716 ] },
                "south": { "texture": "#1", "uv": [ 0.0, 0.0, 1.0, 0.29999998956918716 ] },
                "west": { "texture": "#1", "uv": [ 0.0, 0.0, 1.0, 0.29999998956918716 ] },
                "up": { "texture": "#1", "uv": [ 0.0, 0.0, 1.0, 1.0 ] },
                "down": { "texture": "#1", "uv": [ 0.0, 0.0, 1.0, 1.0 ] }
            }
        },
        {
            "name": "key_25",
            "from": [ 2.000000089406967, 0.5000000074505806, 10.49999999254942 ], 
            "to": [ 3.000000089406967, 0.7999999970197678, 11.49999999254942 ], 
            "faces": {
                "north": { "texture": "#1", "uv": [ 0.0, 0.0, 1.0, 0.29999998956918716 ] },
                "east": { "texture": "#1", "uv": [ 0.0, 0.0, 1.0, 0.29999998956918716 ] },
                "south": { "texture": "#1", "uv": [ 0.0, 0.0, 1.0, 0.29999998956918716 ] },
                "west": { "texture": "#1", "uv": [ 0.0, 0.0, 1.0, 0.29999998956918716 ] },
                "up": { "texture": "#1", "uv": [ 0.0, 0.0, 1.0, 1.0 ] },
                "down": { "texture": "#1", "uv": [ 0.0, 0.0, 1.0, 1.0 ] }
            }
        },
        {
            "name": "key_26",
            "from": [ 3.5000000968575478, 0.5000000074505806, 10.49999999254942 ], 
            "to": [ 4.500000096857548, 0.7999999970197678, 11.49999999254942 ], 
            "faces": {
                "north": { "texture": "#1", "uv": [ 0.0, 0.0, 1.0, 0.29999998956918716 ] },
                "east": { "texture": "#1", "uv": [ 0.0, 0.0, 1.0, 0.29999998956918716 ] },
                "south": { "texture": "#1", "uv": [ 0.0, 0.0, 1.0, 0.29999998956918716 ] },
                "west": { "texture": "#1", "uv": [ 0.0, 0.0, 1.0, 0.29999998956918716 ] },
                "up": { "texture": "#1", "uv": [ 0.0, 0.0, 1.0, 1.0 ] },
                "down": { "texture": "#1", "uv": [ 0.0, 0.0, 1.0, 1.0 ] }
            }
        },
        {
            "name": "key_27",
            "from": [ 5.000000104308128, 0.5000000074505806, 10.49999999254942 ], 
            "to": [ 6.500000111758709, 0.7999999970197678, 11.49999999254942 ], 
            "faces": {
                "north": { "texture": "#1", "uv": [ 0.0, 0.0, 1.5000000074505806, 0.29999998956918716 ] },
                "east": { "texture": "#1", "uv": [ 0.0, 0.0, 1.0, 0.29999998956918716 ] },
                "south": { "texture": "#1", "uv": [ 0.0, 0.0, 1.5000000074505806, 0.29999998956918716 ] },
                "west": { "texture": "#1", "uv": [ 0.0, 0.0, 1.0, 0.29999998956918716 ] },
                "up": { "texture": "#1", "uv": [ 0.0, 0.0, 1.5000000074505806, 1.0 ] },
                "down": { "texture": "#1", "uv": [ 0.0, 0.0, 1.5000000074505806, 1.0 ] }
            }
        },
        {
            "name": "key_28",
            "from": [ 7.000000104308128, 0.5000000074505806, 10.49999999254942 ], 
            "to": [ 12.000000104308128, 0.7999999970197678, 11.49999999254942 ], 
            "faces": {
                "north": { "texture": "#1", "uv": [ 0.0, 0.0, 5.0, 0.29999998956918716 ] },
                "east": { "texture": "#1", "uv": [ 0.0, 0.0, 1.0, 0.29999998956918716 ] },
                "south": { "texture": "#1", "uv": [ 0.0, 0.0, 5.0, 0.29999998956918716 ] },
                "west": { "texture": "#1", "uv": [ 0.0, 0.0, 1.0, 0.29999998956918716 ] },
                "up": { "texture": "#1", "uv": [ 0.0, 0.0, 5.0, 1.0 ] },
                "down": { "texture": "#1", "uv": [ 0.0, 0.0, 5.0, 1.0 ] }
            }
        },
        {
            "name": "key_29",
            "from": [ 12.500000096857548, 0.5000000074505806, 10.49999999254942 ], 
            "to": [ 14.000000104308128, 0.7999999970197678, 11.49999999254942 ], 
            "faces": {
                "north": { "texture": "#1", "uv": [ 0.0, 0.0, 1.5000000074505806, 0.29999998956918716 ] },
                "east": { "texture": "#1", "uv": [ 0.0, 0.0, 1.0, 0.29999998956918716 ] },
                "south": { "texture": "#1", "uv": [ 0.0, 0.0, 1.5000000074505806, 0.29999998956918716 ] },
                "west": { "texture": "#1", "uv": [ 0.0, 0.0, 1.0, 0.29999998956918716 ] },
                "up": { "texture": "#1", "uv": [ 0.0, 0.0, 1.5000000074505806, 1.0 ] },
                "down": { "texture": "#1", "uv": [ 0.0, 0.0, 1.5000000074505806, 1.0 ] }
            }
        },
        {
            "name": "trackpad",
            "from": [ 6.500000096857548, 0.5000000074505806, 11.999999985098839 ], 
            "to": [ 12.00000011920929, 0.7999999970197678, 14.999999985098839 ], 
            "faces": {
                "north": { "texture": "#0", "uv": [ 0.0, 0.0, 5.500000022351742, 0.29999998956918716 ] },
                "east": { "texture": "#0", "uv": [ 0.0, 0.0, 3.0, 0.29999998956918716 ] },
                "south": { "texture": "#0", "uv": [ 0.0, 0.0, 5.500000022351742, 0.29999998956918716 ] },
                "west": { "texture": "#0", "uv": [ 0.0, 0.0, 3.0, 0.29999998956918716 ] },
                "up": { "texture": "#0", "uv": [ 0.0, 0.0, 5.500000022351742, 1.0 ] },
                "down": { "texture": "#0", "uv": [ 0.0, 0.0, 5.500000022351742, 1.0 ] }
            }
        },
        {
            "name": "screen_back",
            "from": [ 1.0, 3.0, -0.9999999850988388 ], 
            "to": [ 15.0, 14.0, -0.6999999955296516 ], 
            "rotation": { "origin": [ 8.0, 8.0, 8.0 ], "axis": "x", "angle": -22.5 },
            "faces": {
                "north": { "texture": "#0", "uv": [ 1.0, 1.0, 15.0, 15.0 ] },
                "east": { "texture": "#0", "uv": [ 0.0, 0.0, 0.4999999925494194, 11.0 ] },
                "south": { "texture": "#0", "uv": [ 1.0, 1.0, 15.0, 15.0 ] },
                "west": { "texture": "#0", "uv": [ 0.0, 0.0, 0.4999999925494194, 11.0 ] },
                "up": { "texture": "#0", "uv": [ 0.0, 0.0, 14.0, 0.4999999925494194 ] },
                "down": { "texture": "#0", "uv": [ 0.0, 0.0, 14.0, 0.4999999925494194 ] }
            }
        }
    ]
}